neighborhood,pm_25_mean,pm_10_mean,humidity_mean,temperature_mean
"ABRAHAM LINCOLN, 002507 (396)",79.24832617945499,149.82776625080186,-0.9755801515430503,8.092050254700299
"ACACIAS USAQUEN, 008510 (317)",44.83021891829845,63.51332166744002,0.03686305733266492,-0.5029512784296097
"ACEVEDO TEJADA, 005107 (248)",143.93185358522518,156.68051865564675,4.916880836553985,16.29024700169636
"ALAMOS, 005643 (788)",63.695686222162124,113.76090034953624,-2.1816646365454075,4.079681976126985
"ALCALA, 004407 (203)",62.04383501874886,96.18112812193849,0.30054116371708245,2.0189149862701727
"ALCAZARES NORTE, 007404 (351)",15.896205769553355,66.95315716707951,-1.7237445048448434,-2.9965987859550607
"ALCAZARES, 007302 (801)",55.52425545652302,100.13481350925,1.0248899516149232,3.5427817049698316
"ALFONSO LOPEZ, 007209 (359)",5.0,55.3322036787944,-2.0509820972433332,-2.2792627995474715
"ALMIRANTE COLON, 009218 (1141)",64.80281023907342,107.01321348088803,-0.1470573296962182,4.279397268013194
"ALQUERIA LA FRAGUA II, 004596 (478)",68.21697800700878,114.15550213071046,0.9239917411346231,6.285514039235354
"ALQUERIA LA FRAGUA NORTE, 004542 (479)",116.4191422069406,178.58900507233,1.1391032638336342,15.075564688716618
"ALQUERIA LA FRAGUA, 004543 (530)",66.89313503569203,125.77977290858104,1.2467887211572468,5.752944693886128
"ALQUERIA, 004409 (395)",72.88258511696118,150.95243761964318,0.3836375961055057,10.249083556290337
"ALTAMIRA, 001315 (673)",57.03900773563334,126.93264091732756,2.295918367346939,6.5137096567082455
"ALTOS DE CHOZICA, 009222 (1034)",125.84852094304273,196.20545385963666,2.1361858838620242,15.699596931863068
"ALTOS DE SUBA, 009260 (271)",145.13281887361774,274.0114305252987,7.2232226969248465,25.010138837170217
"ALTOS DEL POBLADO, 001333 (594)",69.51342381182691,110.33488713245072,2.1418648590907226,4.986025402516718
"ANDES NORTE, 009127 (631)",48.29688845176172,67.51541210730016,-0.6530920803064415,-1.9418334723635498
"ANTIGUO COUNTRY, 008314 (58)",84.9034592454655,150.4798143131627,0.7931522923319301,10.529127207585603
"ARBOLEDA SUR, 001423 (227)",81.85010375604885,144.6542025873533,1.7115064977033434,8.514938276491169
"ARBORIZADORA ALTA I, 002460 (694)",87.31880657573505,118.46459289506633,1.0073744988461633,6.353970516382324
"ARBORIZADORA ALTA II, 002461 (475)",87.59334662208423,153.25761578515304,2.678506607996887,10.158298494847939
"ARBORIZADORA ALTA, 002568 (10)",103.69276260074658,134.3144951144345,2.880910014585694,8.43849214195286
"ARBORIZADORA ALTA, 002569 (307)",107.4260247338661,142.8377919492834,3.430234061492605,8.927016288185358
"ARBORIZADORA ALTA, 002573 (685)",92.43083956969274,143.4003890596544,2.1875260006826025,8.654925822892066
"ARBORIZADORA BAJA, 002432 (1038)",86.38061600725862,135.89686547142165,0.8803899306637881,9.777512633321791
"AREA ARTILLERIA, 002512 (758)",61.864728331630815,98.13890279920203,0.0061930755279326994,2.8922162516818917
"ARMENIA, 007105 (608)",72.07253681223447,92.15431735837939,1.9285714285714286,0.9285714285714285
"ARRAYANES I, 002601 (913)",40.940079580379816,72.51055039587196,-0.0921049463832694,-0.583135507978563
"ATENAS, 001305 (873)",62.95949363640197,98.18579946635819,-0.8525895211550818,4.867801176753298
"ATENAS, 009119 (262)",50.931599802859424,55.535931743232915,-0.3269385716937219,-2.876115069235316
"ATLANTA, 002422 (861)",136.9720665991779,206.51165373880525,4.418888846485194,18.682300915102694
"AURES II, 009206 (453)",64.79648006274522,118.45293726385155,-0.5392139219582317,6.271160447692176
"AURES, 009205 (919)",93.81509948292245,163.15267664726036,0.23175204579051548,11.631604650387018
"AUTOPISTA MEDELLIN, 005611 (888)",47.95429117539695,95.24991295469067,0.6342627841895486,2.078600905104496
"AUTOPISTA MUZU ORIENTAL, 004413 (334)",90.4127980151312,139.9273658487238,2.5953150695290916,8.79690751510985
"AUTOPISTA MUZU, 004403 (828)",82.26285523572525,118.07436742445708,1.8592967896982253,6.206292694139588
"AUTOPISTA SUR, 004404 (1085)",95.61406508454425,153.30206084203985,2.1873591898190528,10.49488342182992
"BANCO CENTRAL, 007208 (6)",59.04869552867019,77.93136960200029,-0.6546914577850921,3.4081632653061225
"BAQUERO, 007306 (46)",76.54558912930085,118.2774117632024,2.211297812266104,6.860326892358212
"BARCELONA SUR, 001424 (11)",68.49308338472875,155.55068352201278,-1.210854240734983,12.966532717794795
"BARCELONA, 004303 (563)",33.05068578887503,59.49842310235502,0.24599507670697618,-2.27043438996018
"BARLOVENTO, 002417 (981)",121.31455819045907,198.4904598968076,4.172737270605105,21.250440411144986
"BATALLON CALDAS, 006207 (584)",65.4694594396581,93.88523795188819,0.7262557467816532,4.184620405943425
"BATAN, 009118 (1017)",63.592810100679095,102.82189830891143,0.6689366103097972,3.5665425900131713
"BELALCAZAR, 007206 (570)",35.10979474633917,11.081163137263294,-0.09771183454960859,-8.300280576601802
"BELLA FLOR SUR, 002582 (799)",39.86882716056264,70.43875238468478,-0.41382921436691056,-1.6434556644842861
"BELLA FLOR, 002580 (807)",39.332567696625475,56.45921579631479,1.18850028807833,-2.5539161971050537
"BELLAVISTA LUCERO ALTO, 002560 (512)",49.497168148624894,92.80104270591772,1.0057581726460547,0.1432907181794132
"BELLAVISTA OCCIDENTAL, 005503 (207)",68.20696452786784,137.3237231085412,-0.9700363872147001,10.391516046869258
"BELLAVISTA SUR, 001313 (703)",46.553397704824555,65.27864827301946,-0.07870049552251308,-0.08198114877002348
"BELLAVISTA, 002436 (651)",73.24523783439867,68.1228667133425,1.0496127290187498,0.8737242597910223
"BELLAVISTA, 008305 (897)",69.12493816635701,110.26596168382315,1.1665244676366657,5.025877372831861
"BELLO HORIZONTE, 001304 (519)",50.60615737294769,98.23465808862112,-1.8456249864690775,4.254185596258785
"BERLIN, 009259 (839)",61.87934790440475,124.94324135632047,0.4899702229684203,7.32718862988441
"BILBAO, 009252 (507)",82.52308853911063,139.29250524104708,-0.3492836456573591,10.962252696974717
"BOCHICA II, 005644 (621)",90.62057369755698,139.64633298309926,2.2460624427583666,7.923633022608564
"BOCHICA, 004211 (1103)",81.64055670745238,125.115863548916,1.4933042231923443,6.7236489973947835
"BOCHICA, 005632 (88)",69.40949715890558,118.43601546231663,1.5298811235063179,4.938658848929633
"BOITA, 004516 (332)",137.6092944360875,201.98640987529018,5.389464749916841,15.666410301913196
"BOLIVIA ORIENTAL, 005640 (1126)",79.50059574286102,132.25259131221182,2.1973019798618854,6.961894847969817
"BOLIVIA, 005622 (14)",91.91551395647015,153.6979894370582,2.0048108124114945,10.775243067061195
"BONANZA, 005406 (415)",115.1190978266969,182.7260995976622,2.1740161226071346,14.808647608496107
"BOSQUE CALDERON, 008207 (588)",112.4599474756576,182.85127373283464,4.461953487804598,14.716871872702058
"BOSQUE DE MODELIA, 006316 (611)",35.52312186853328,10.70701920026096,-1.1855652537992496,-0.8520794283871955
"BOSQUE IZQUIERDO, 008106 (391)",169.2126671045447,333.79642659329255,4.235215326845186,30.6530612244898
"BOSQUE POPULAR, 005505 (131)",40.25306830660126,76.17327900513207,-0.5169657262874575,0.8194525425247889
"BOSQUES DE SAN JORGE, 009241 (284)",85.39131240846781,144.42604302222446,1.7554692401357037,6.937484348649269
"BOYACA, 005603 (514)",98.233265303242,173.03249871541053,1.2242420512134549,14.928403098551259
"BRAVO PAEZ, 002306 (915)",66.20912747337358,115.08813100517936,2.088879219202488,2.7904982543644574
"BRISAS DEL VOLADOR, 002587 (803)",32.17275119167164,74.37250365813075,0.4850796661307785,-3.049967874084641
"BRITALIA, 009102 (494)",122.1096093008295,181.80316499805733,3.9757373038063557,14.45546953189924
"CALLEJON SANTA BARBARA, 001419 (723)",73.051500669761,129.0999886865071,-0.6183414021047152,8.05251985008789
"CAMPANELLA, 009219 (481)",63.980883447287965,120.3424098117088,-0.8722288703347691,8.176002463399405
"CAMPIN OCCIDENTAL, 005105 (310)",143.45261229247697,215.93646871713509,3.496859696935732,13.73748633534527
"CAMPIN, 007201 (1035)",89.90723712544161,179.04484413232998,4.342071935563767,9.577794279072556
"CAMPO EUCARISTICO, 005114 (836)",50.551033767503625,110.9933541769371,-2.050033566042762,5.148998338502241
"CANADA O GUIRA, 001330 (580)",46.66303298553945,101.66204047043865,-0.8290402251534759,5.208355657880269
"CANDELARIA LA NUEVA, 002531 (654)",74.07270630071167,117.21592748303985,-0.15226230740993169,5.232739359312705
"CANODROMO, 009130 (591)",44.88651529063084,81.15300123146284,-1.428197622504675,2.1010600278371565
"CANTAGALLO, 009103 (757)",138.49568098291817,198.33408542780316,3.5683950296074918,17.45311210154354
"CAOBOS SALAZAR, 008518 (362)",62.2679129891233,110.95691611985028,-0.5124947269811031,5.915519025549121
"CAPELLANIA, 006302 (100)",60.321855368782614,90.18352893423109,0.963234113732045,0.12554553675068142
"CARACAS, 001203 (454)",43.00927600653776,67.10833420593106,-1.5480300119656638,-1.1389354555277145
"CARMEN DEL SOL, 001434 (460)",43.2613243231678,90.45851337317677,0.018099129118820115,3.00668884400694
"CASA BLANCA SUBA I, 009258 (867)",159.05974136491653,257.4493047446269,5.496286453755255,21.254709654520333
"CASA DE TEJA, 002534 (429)",30.987489210474315,81.09343746312749,0.3003420602635075,-1.2374198603489177
"CASABLANCA SUBA, 009215 (675)",105.9875161089095,223.48077195965507,1.8334148058962783,20.218197056885916
"CATALUNA, 008111 (643)",163.74551967735695,264.019449268705,6.149812873392288,26.792333029762535
"CEDRITOS, 008512 (823)",35.83484980206206,60.390814598062015,-0.05933324621592709,-1.4324880001250464
"CEDRO NARVAEZ, 008511 (766)",37.921525209458636,85.42013111981642,-0.10491676260593238,0.0839342983007056
"CENTENARIO, 002303 (923)",57.59529947458964,121.32687668082674,-0.15531508797013374,7.677523733062918
"CENTRAL DE MEZCLAS, 002562 (1143)",37.44138328197589,63.849942167449136,-0.24376236407667437,-2.383697183954232
"CENTRO ADMINISTRATIVO OCC., 005109 (829)",59.59907583206499,102.38205201487905,-0.7897681450387108,4.327951574517374
"CENTRO INDUSTRIAL, 006218 (711)",86.71387885166415,157.6333356111622,1.1009351893012722,11.884819047464315
"CENTRO NARINO, 006210 (702)",35.52761276882999,72.76151635180419,-2.730111807358836,1.4771069023487335
"CERRO COLORADO, 002575 (378)",91.14809071016694,137.96686332640934,1.6915145580653195,7.680816270304022
"CERROS DE ORIENTE, 001428 (999)",48.05630270427634,106.56520420768254,-2.271923362570048,5.089761628388045
"CHAPINERO CENTRAL, 008213 (489)",100.40221987898234,160.80384133252733,2.3854461538620524,10.452844071493727
"CHAPINERO NORTE, 008214 (338)",114.8026836763744,166.74205181892674,2.490206597671103,12.413832349637511
"CHAPINERO OCCIDENTAL, 007203 (29)",63.895886946140074,109.43834925519043,-0.11900704503415359,5.731241085779243
"CHICO NORTE II SECTOR, 008301 (1022)",128.9260515702287,184.81995201592886,3.332888831849113,15.688205103761739
"CHICO NORTE III SECTOR, 008315 (148)",49.47636732251878,116.65597609743807,-1.5148764140935513,5.1210937463897555
"CHICO NORTE, 008307 (953)",66.88676704784136,117.64433402372184,2.6984261136423933,5.380994967202003
"CHUCUA DE LA VACA II, 004620 (540)",27.65098431767051,40.7440084127907,-1.4211629011760045,-3.984979421755153
"CHUCUA DE LA VACA III, 004619 (250)",14.896034921484098,79.61123522954344,6.076462401158743,-3.078610964934017
"CIUDAD BACHUE I ETAPA, 005631 (124)",104.72932179774956,164.0867287056,3.1482871420624714,11.676518294473896
"CIUDAD BACHUE II, 005682 (18)",93.40778376647611,138.50769001674715,2.2198090746821215,10.18840780791975
"CIUDAD BACHUE, 005630 (553)",91.94703465187287,136.27936777066398,2.1847207132695883,8.142832989497597
"CIUDAD BERNA, 001202 (53)",53.51389722393087,99.39302779422769,-0.037878671830342533,2.582544880581615
"CIUDAD BOLIVAR RURAL III, 104118 (1042)",67.65304721026915,109.07302937124388,1.9707296456678967,4.322101477840509
"CIUDAD BOLIVAR, 002453 (1147)",23.511548410037943,66.04919535021449,-1.6910017636484738,-3.082172876425626
"CIUDAD HUNZA, 009235 (768)",55.099761967587646,93.09588017710462,0.316079403302278,3.314517092151357
"CIUDAD JARDIN NORTE, 009108 (1123)",75.87826208743242,123.0900430299158,1.2665297266528361,5.35987709484604
"CIUDAD JARDIN SUR, 001204 (505)",37.957324149704185,79.57856075622668,-0.8749646176614112,0.0881205049704373
"CIUDAD KENNEDY CENTRAL, 004511 (98)",108.5438428934883,167.9346123699294,3.073918064636183,12.066238037229303
"CIUDAD KENNEDY NORTE, 004514 (899)",62.15618015288988,113.96952608730771,1.0719597338624762,5.10010106026947
"CIUDAD KENNEDY OCCIDENTAL, 004508 (226)",65.95629151363282,85.21710837452333,2.328019035828849,8.964607394545704
"CIUDAD KENNEDY ORIENTAL, 004510 (952)",66.96463380746042,122.27240811398045,1.6966941563099545,2.962686319477988
"CIUDAD KENNEDY, 004509 (371)",108.60692378290871,164.84764598132256,2.3915280880553467,12.91064202513651
"CIUDAD SALITRE NOR-ORIENTAL, 006216 (595)",81.32621573343656,155.45880313192984,0.2414812043548933,11.580068295518544
"CIUDAD SALITRE SUR-ORIENTAL, 006217 (490)",117.28442931481233,194.9919619796506,2.2899067388214287,15.372657225960848
"CIUDAD TECHO II, 006531 (435)",122.55392736228674,165.58678884246208,1.052383882032743,13.05283490509342
"CIUDAD UNIVERSITARIA, 005108 (491)",58.413105649307916,80.10990941298398,0.6882954277453396,0.3254946900687497
"CIUDADELA COLSUBSIDIO, 005650 (1036)",95.81899877545462,153.03304118419314,2.4059655407312417,10.327458670996876
"CLARET, 002308 (335)",53.5138768204274,90.64794860152858,0.1536865160610717,2.0018104584798393
"CLUB DE LOS LAGARTOS, 009121 (61)",72.92884391048621,125.00166528976467,-0.6193294511773388,7.666875575239399
"COLOMBIA, 007303 (224)",125.77085543527694,195.58493131338213,3.3199623212705287,15.973953921115717
"COLON, 004308 (125)",52.67500454251652,97.50094324798785,0.43835118516633864,1.7893379625690942
"COLSEGUROS, 006109 (536)",79.83011430857793,121.2393039033814,4.415169117100002,5.373692990080119
"COMPARTIR, 002504 (592)",60.997991582189336,90.77088234826972,-0.003839267174803281,-0.08295887297090865
"COMUNEROS, 004202 (541)",71.31684723779229,119.85132715154222,1.1493113679509102,5.531024028959862
"CONCEPCION NORTE, 007304 (246)",61.59980827561695,136.42634916662834,1.1104157477857377,9.555572761042928
"COOPERATIVA DE SUB-OFICIALES, 006501 (951)",27.197845592878963,68.0168480997225,-1.8286704183251479,-0.5152749113724965
"CORABASTOS, 004547 (782)",37.06937764071717,60.38292218008949,-1.1421632250250517,-0.1491361471947861
"CORDOBA, 001303 (78)",56.57065758457572,118.70301964295975,-2.1479316135073905,7.561095806941117
"CORREDOR FERREO DEL SUR, 004572 (60)",106.5731306698111,179.5205938965446,3.9240753160245045,14.14257873218131
"COSTA AZUL, 009208 (113)",57.67862936825505,112.92970131848729,-1.9312492258077596,5.0118565595487725
"COUNTRY CLUB, 008402 (920)",88.01129410831834,140.10017872777544,2.3168240713931896,8.24049960456282
"CUNDINAMARCA, 006211 (568)",71.72813895610727,143.1841339699831,-1.7294032293133708,9.770794329412071
"DIANA TURBAY ARRAYANES, 001422 (630)",30.584160731578667,68.91490669606645,-0.975725006606498,-0.8933892527639903
"DIANA TURBAY CULTIVOS, 001432 (421)",62.5682046341308,87.26715850775255,-1.5598228787187192,1.7500511583236669
"DIANA TURBAY, 001421 (515)",37.364192401052875,77.19004598215434,-3.0026406953075497,3.3878273860300294
"DOCE DE OCTUBRE, 005202 (152)",49.572602410630104,75.1145300611474,-0.24037497782719278,-1.4051856729293806
"EDUARDO FREY, 002301 (1112)",87.04037230312844,121.00070662292687,1.8164181177503396,5.647309589478311
"EDUARDO SANTOS, 004105 (205)",78.57782740308954,107.40435970935891,0.49963971858716033,5.424676206508381
"EL BAGAZAL, 101101 (136)",68.26222880383821,102.59709074828618,0.8398799631859982,4.347021014172126
"EL CARMEN, 002407 (642)",99.37467808087061,171.94740665546055,1.8346545555238507,11.952649230232552
"EL CEDRO, 005629 (1045)",96.1950970602514,161.9273652972188,1.7535927279818795,12.46021147972916
"EL CHICO, 008308 (814)",95.78610637774852,160.09281352547708,1.6552386871856122,12.701449388614048
"EL CHIRCAL SUR, 002435 (625)",114.20936277173689,181.8565608632105,2.3827012712167788,14.48531604157191
"EL CONTADOR, 008514 (835)",62.80881038295992,106.16402634668285,1.0814766434512297,5.176379737055011
"EL CORTIJO, 005634 (783)",119.6090480691806,192.8396091911008,2.916665944882719,16.283262183299964
"EL DORADO INDUSTRIAL, 005663 (425)",130.2002760322881,250.15661639900867,-0.907856651198744,30.082899844868265
"EL DORADO, 005664 (1077)",92.61877222233785,163.788267127989,3.0048655275057192,11.522046013834522
"EL EJIDO, 006206 (1130)",46.913741856894646,87.46929234586771,1.2880835623365239,1.9799554387915166
"EL ENCANTO, 005605 (817)",51.078837804068755,92.74322813460265,-0.8944111775486675,1.1374354457772642
"EL ENSUENO, 002416 (658)",72.31492000488474,115.67407951565275,1.0997405114734629,6.339481439762828
"EL LAUREL, 005510 (808)",107.43794828864208,172.31325704667904,2.5577739381056714,13.586045032997905
"EL LISTON, 006106 (322)",42.545449238584,89.04392474470896,0.3520408163265306,-0.6479591836734694
"EL MADRIGAL, 005635 (299)",82.63435939529103,155.3563092435449,1.363989643342033,10.370860321156556
"EL MINUTO DE DIOS, 005601 (456)",99.73335715454654,172.94151995988696,1.447766785955473,14.487632632463656
"EL MIRADOR II, 204107 (232)",27.62279415237103,73.98664804983457,-0.010599308924245265,-1.455268371058645
"EL MIRADOR, 002570 (24)",51.39023505648567,79.25956737992993,0.4420324765351013,-0.02248117439490528
"EL MOCHUELO ORIENTAL, 002522 (249)",54.36911765801523,118.7097300616499,0.24399013341379033,3.973585116532137
"EL NOGAL, 008311 (1061)",118.46072106858398,195.84127298575683,4.349543039049342,16.19857808198891
"EL PARAISO, 008110 (1140)",42.675467109342925,112.46129908115596,-1.0242289311844972,5.169070695450686
"EL PENON DEL CORTIJO, 002433 (1104)",105.80480677699394,213.1941766688539,0.640980298450031,18.392919162403043
"EL PINO, 009213 (473)",56.61118221179439,92.91083856181743,-1.3707519399430428,3.5067055468074244
"EL PLAN, 009128 (755)",82.85128743573016,115.44927679600868,0.9116431142433694,6.845814021196485
"EL PLAYON, 001420 (713)",93.35004326967156,150.5040264499716,0.3737887477428856,10.224001381343204
"EL POA, 009211 (747)",57.46755817975915,99.6896795389201,-0.8914476858722687,4.045478011053969
"EL PROGRESO, 004111 (68)",81.98860170324782,141.33100413335913,0.3201601850703972,10.3757452373236
"EL REAL, 005604 (1023)",103.44038131868062,177.37052903308924,1.9566942312110829,12.930589900307263
"EL RECUERDO, 006201 (416)",77.91170594219373,117.41478379000561,1.2529327394534,4.830236744131025
"EL REFUGIO I, 201105 (313)",104.6489168930962,132.5198520248276,5.120903525866375,6.953943009647088
"EL REFUGIO II, 201108 (426)",136.0855181529458,123.01539696971253,2.7055660047094965,6.906777925876623
"EL REFUGIO, 008303 (422)",114.44321020997563,150.75367227215008,3.856175086227851,9.395053926059965
"EL RETIRO, 008310 (316)",62.53976773733568,134.22904574325858,0.9670402308130923,6.843613874869351
"EL RINCON NORTE, 009204 (777)",74.05521182386836,131.37584469525703,1.5175206215325896,7.510366014339661
"EL RINCON, 009202 (980)",55.9282074267026,90.5137724861036,0.7839337976411928,1.3075798850771316
"EL SALITRE, 005110 (90)",62.687386581978494,110.01595100160272,-0.5244594253623943,5.078728601236267
"EL SATELITE, 002545 (464)",103.6573648031805,168.16209580419607,1.6845047025397235,10.949036124950359
"EL TOBERIN, 008501 (215)",40.58627906312504,78.06236931413726,-1.907496384716502,2.3621443212995152
"EL VERGEL, 004106 (683)",100.23552307997703,166.7925370261819,1.056482073626671,12.464942506067931
"EMAUS, 008202 (765)",65.6931246033051,137.20159730890614,2.2517707219260075,8.144772034467417
"ENTRERIOS, 005306 (370)",36.737864482543856,57.51449610874908,0.9955727967466335,-3.7595571987436305
"ESCUELA DE CABALLERIA I, 008409 (433)",51.19219575021586,74.55178985336318,-3.665564136376149,10.23047951569485
"ESCUELA DE CARABINEROS, 009132 (751)",98.47406712764818,174.37509963446342,1.3870919465419966,13.271649789121856
"ESCUELA DE INFANTERIA, 008410 (423)",71.3776095012706,149.91321268965964,-0.7497408499225384,11.175409670756824
"ESCUELA GENERAL SANTANDER, 002405 (1051)",93.54713115548252,157.08928708200338,1.7801652039806617,10.505119180517053
"ESCUELA MILITAR, 005310 (1048)",24.46767690535128,31.622726194312143,-1.7042520630087372,-3.2900628523469906
"ESPARTILLAL, 008312 (1060)",110.54539507592021,167.1197822334104,3.3194870371703455,14.406840710043701
"ESTACION CENTRAL, 006204 (104)",61.58254012831906,118.80532420037481,-1.2692743979466348,5.4583197779918535
"ESTORIL, 009126 (538)",69.54997384403651,132.93720043846218,0.5863751734394468,5.3887938456408815
"ESTRELLA DEL NORTE, 008519 (1072)",68.17101504495822,134.82949206351105,0.44196830912812846,7.957406895982926
"ESTRELLA DEL SUR, 002540 (593)",78.73781064897334,141.24037537145966,1.021273963917544,5.102655113670607
"ESTRELLA, 007106 (1093)",56.7611325993188,85.6050166938459,2.336864504471901,1.2585913676374008
"FATIMA, 002408 (652)",74.37969376240511,97.28881202144625,1.6409292780506708,2.8777135524079687
"FERROCAJA FONTIBON, 006405 (600)",25.59182764432279,92.18779016501244,-1.2691118952520335,-5.391377196335038
"FLORENCIA, 005620 (130)",91.40463727358058,159.8810848728273,0.4521712879311602,11.787508597932039
"FLORIDA BLANCA, 005621 (1160)",85.77998549141184,142.50606230552452,1.3574391689800016,8.74807529513184
"FLORIDA, 006101 (644)",77.17524087371162,127.88753215989767,2.634908709438539,5.059774925432526
"FRANCO, 006308 (638)",39.274506509260554,93.14856766152215,-0.3722679102931247,3.355163302997722
"GALAN, 004304 (879)",102.34138320941241,172.25886089565907,2.7621812189768495,13.200967149201418
"GARCES NAVAS ORIENTAL, 005628 (903)",102.79889992625668,136.64173738599922,2.2354796208139947,10.695042529679954
"GARCES NAVAS, 005627 (860)",8.543107790498379,128.99632499588236,-2.6896857046991585,0.1975122486029035
"GIBRALTAR SUR, 002554 (623)",67.3409245050151,93.67855950060353,1.3890863564760794,2.2644499197333636
"GILMAR, 009114 (387)",114.10608122480555,194.1977166534512,2.209651513500444,15.974269934745783
"GORGONZOLA, 004207 (324)",82.38060250548426,150.97883680589788,1.4954017360048233,7.674222866971687
"GRAN AMERICA, 006202 (69)",96.53336640054508,101.78492040130834,2.3917379098495553,5.4115122903549455
"GRANADA NORTE, 009101 (506)",85.51896888780712,105.49351908360481,2.7088500942001,-0.7586168200077537
"GRANADA SUR, 001301 (1049)",86.51038784852116,129.93239407543166,0.35049352136327155,9.652987136352623
"GRANADA, 008204 (904)",74.77097572760944,119.33857664519113,0.3190192722827463,6.29667986495556
"GRANJAS DE SANTA SOFIA, 001425 (947)",76.65978024578624,125.57078372169487,1.7970810973122322,5.956096778579502
"GRANJAS DE TECHO, 006306 (161)",68.39536216390493,134.55029358926177,-0.25315885985695225,7.737210260351896
"GRANJAS SAN PABLO, 001412 (617)",98.00481097254404,137.44924918041133,2.748260424004369,8.01435546917703
"GUACAMAYAS II, 001352 (79)",62.07613911046467,139.96959085052669,-1.2846526102849292,9.448830341516542
"GUACAMAYAS III, 001354 (1138)",79.16327373757994,144.00986776667844,-0.6453041246191443,10.802394478731129
"GUACAMAYAS IV, 001353 (109)",76.40743773753238,145.41803456490908,-1.3265398720724266,9.026828587147932
"GUADALUPE, 004563 (1120)",35.69330497278831,50.647101333053435,-0.12550952417171152,-6.157469746481171
"GUIPARMA, 001429 (874)",69.38185321281398,116.15600994084555,0.17481345570364315,6.602364885262125
"GUSTAVO RESTREPO, 001402 (579)",58.06368078645572,107.35198088308877,0.17432887480380604,3.1867720378942708
"HIPOTECHO OCCIDENTAL, 004502 (739)",95.78103421233955,161.70143901644852,0.33876266146053113,12.986531418845535
"HIPOTECHO SUR, 004551 (736)",110.8557300477499,182.67595010206122,0.07711993490133161,15.527667248290504
"HIPOTECHO, 004501 (958)",70.5578120277091,118.44270958244692,0.8743627507534091,6.508730840959764
"HOSPITAL SAN CARLOS, 001403 (624)",62.405697305644765,103.28056342817631,1.131304489004028,3.78273927837863
"HOYA TEUSACA, 101201 (7)",125.93890390393936,213.90861010316988,0.9012912490023961,17.183673469387756
"IBERIA, 009115 (1151)",66.65237951024108,109.31089765928503,-0.7621779779414254,6.05491866463912
"INDUSTRIAL CENTENARIO, 006205 (648)",65.83516219467074,121.57912075661706,-0.6583948066875892,7.407219259802847
"INGEMAR ORIENTAL RURAL, 101103 (198)",88.6408836404196,144.96565603290685,1.2812040241235132,9.169455612335344
"INGEMAR ORIENTAL, 008218 (618)",90.16096897881219,128.85276798722649,0.856758241063949,7.779284434786975
"INGEMAR, 008215 (375)",61.65838334609237,137.58353239206357,-1.4779975757092088,9.824426213152803
"INGLES, 002307 (292)",91.80516127010357,141.53293352356587,3.8406589464673884,7.200174911928412
"ISLA DEL SOL, 002411 (581)",56.69287948402635,84.85213206201486,0.5133286504833565,2.2914817517091977
"JACQUELINE, 004517 (532)",93.35875789591057,158.18602170267442,2.702586169084068,9.94598902270093
"JARDIN BOTANICO, 005506 (38)",57.02768129258682,99.97724172376928,-1.4177951853741497,3.9682308576830976
"JERUSALEN, 002434 (998)",47.42036050268972,94.10333573126115,0.6388105518306051,2.152198124185168
"JORGE ELIECER GAITAN, 005201 (833)",43.77290061591517,58.37956331220503,-0.24702006861101258,-1.920035058280107
"JORGE GAITAN CORTES, 004210 (1101)",67.40464633977626,107.78904134895087,-0.21441532032242555,4.52095723318407
"JOSE JOAQUIN VARGAS, 005101 (1128)",27.8072359646338,55.98420497688405,-0.5712784546134518,0.6907658476827668
"JUAN JOSE RONDON, 002557 (1145)",99.91611884217012,153.34823129726112,2.582678462401601,11.055556563753008
"JUAN PABLO II, 002552 (756)",41.51946432276587,74.05696761455785,-1.0155044678902194,-1.8252062852415567
"JUAN XXIII, 007402 (315)",76.35100486496984,135.62210343670083,0.740879119036822,5.663956964182345
"JUAN XXIII, 008211 (476)",83.00315354954884,126.85678586693702,0.19320369600071374,0.5423578554739539
"JULIO FLOREZ, 005403 (659)",49.50727929647585,86.5224929779226,-1.692679349067797,3.554459705566291
"LA ALAMEDA, 002523 (696)",26.55411394478118,45.52889593335264,-0.46234844421413257,-4.495056633759173
"LA ALAMEDA, 003101 (187)",39.535800446441975,98.15446442910248,0.6122448979591837,-0.38775510204081637
"LA ASUNCION, 004203 (786)",80.85394909073219,139.45652857085082,0.6390668248355493,8.871378448619925
"LA AURORA, 007407 (107)",50.4872152680839,66.32266454768826,0.7469270954955805,-7.153261741257349
"LA CABANA, 005508 (280)",61.923440329474644,122.3261795370565,-0.44264193687694636,6.260738268111901
"LA CABRERA, 008309 (135)",63.47869497032267,95.87637665166595,1.2726702974914654,4.133973088204866
"LA CALLEJA, 008401 (1000)",48.10530565233557,90.86931739746043,-0.3754229417616215,0.8842196529733469
"LA CAMELIA II, 004317 (168)",73.80530480474627,121.81085706996905,3.452888883053606,5.141305637317907
"LA CAMELIA, 004309 (956)",58.11380286880037,102.43409213318452,1.5298328031386224,4.168988182913865
"LA CAMPINA, 004506 (858)",143.92251808017127,252.95703314511636,7.216311547299092,23.560872732656055
"LA CAROLINA DE SUBA, 009236 (1088)",103.84399250909654,174.9103625465765,1.593826036247903,14.69691948512709
"LA CAROLINA, 008403 (811)",72.23036118595627,128.3374645727325,-0.06583344449977672,6.8106145352009175
"LA CASTELLANA, 005304 (431)",39.623746437987954,79.56102256170001,-0.14412963560097064,-0.06799443036196831
"LA CHUCUA, 009221 (864)",91.68391603774585,161.66732874382575,0.11233019542871757,12.720899745375108
"LA CORUNA, 002420 (989)",86.44710866940447,114.86960379612424,2.121040862598785,4.636933629652757
"LA ESMERALDA, 005111 (55)",51.262388973860595,117.90328278469853,0.3235848588362444,5.8283912097083865
"LA ESPERANZA NORTE, 006303 (800)",54.61208166831484,104.93573261273424,-1.0290684094796516,4.381134317535889
"LA ESPERANZA SUR, 006315 (225)",49.245086617219506,94.10720186417726,-1.220788118431527,2.6842100226353587
"LA ESPERANZA, 007305 (632)",90.90847974518073,134.36577356114347,1.3147736286879967,8.75478608307363
"LA ESTANZUELA, 004104 (8)",49.88605509000436,102.25132190433116,-0.6884846391528604,2.743911568008819
"LA ESTRADA, 005502 (1078)",77.91778884654177,141.0483154119042,0.00010634884824331431,8.343788898560085
"LA ESTRADITA, 005504 (1102)",48.85523048469946,97.52120902029901,0.03996636522187404,3.2985246127430567
"LA FAVORITA, 006104 (562)",58.498511759620456,101.44660839628234,1.0145772594752187,0.014577259475218596
"LA FLORIDA OCCIDENTAL, 006203 (357)",55.07975049651444,117.89151380074784,-0.9003243092608604,5.432943186186855
"LA FRAGUA, 002107 (955)",74.75567297609297,113.23783422441797,1.093223487398182,5.6095203850614075
"LA FRAGUITA, 002101 (128)",70.5837712469742,98.6834716644862,1.0153998558184392,4.708796760002658
"LA GAITANA ORIENTAL, 009262 (750)",71.58022885317676,127.7696744978271,0.5821705279997446,6.939661008029363
"LA GAITANA, 009216 (279)",72.33063351595791,126.42283900306033,0.20650820991230032,7.954742584761781
"LA GLORIA OCCIDENTAL, 001311 (609)",62.35340625506735,113.81092531986243,-1.3783078842236882,5.883767948426556
"LA GLORIA ORIENTAL, 001319 (488)",76.91469457148354,111.41982451331276,1.565498405062664,5.574250171251036
"LA GRANJA, 005610 (1157)",61.0078929835374,120.23095142194143,-0.049966753947607,5.031548338811328
"LA HORTUA, 001208 (1097)",66.38017790032556,112.76959642531727,0.24016696705346238,4.225829334065318
"LA LIBERIA, 008517 (297)",56.34871228356528,68.21531203523156,-0.46422010586718354,-0.8924715394166521
"LA LIBERTAD, 005206 (153)",52.07229773088139,100.41421110755748,-1.0916921797916421,0.39834200159587474
"LA MACARENA, 008105 (182)",145.9171759386908,259.9793010969227,2.0611367859822227,28.518950437317784
"LA MAGDALENA, 007103 (414)",151.65282426716877,252.77011100740452,2.6321455517850354,23.651215120647727
"LA MERCED NORTE, 007301 (352)",79.75414103935665,142.3984744795101,0.0026087988188915703,8.024437854745303
"LA MERCED, 008103 (894)",131.47839954859265,200.85287033485557,4.3172361020554675,17.275510204081634
"LA PATRIA, 005305 (815)",62.3999645040137,106.14114511660154,-4.704413014614177,-0.6980527816393702
"LA PAZ, 002566 (641)",36.632356401998265,70.29720194837019,-0.9678471063093497,-0.11574814804688459
"LA PAZ, 007310 (1003)",42.28569883660062,86.57318509780424,-1.7020445155183506,3.070752695315161
"LA PEPITA, 004110 (796)",48.12641225298709,113.56954649165766,-0.6254715978883413,3.7450809142987023
"LA PICOTA ORIENTAL, 002510 (230)",40.18619316385606,80.46112719547541,-1.1300971202031305,-0.22739336134130422
"LA PICOTA, 002511 (667)",56.630034947607356,97.36631145719234,-0.8771762541583445,1.8195984328056505
"LA PRADERA NORTE, 008502 (767)",46.964923011393815,74.80184025195867,-0.3229931080683328,0.14844739215081523
"LA PRADERA, 002437 (471)",63.94255908134576,114.16961375127697,1.0695780982624896,3.646125162080118
"LA PRADERA, 004305 (151)",36.37834599097795,92.81665558186643,-2.3693765394119843,0.8955082859475773
"LA RESURRECCION I, 001431 (740)",100.68077252092075,149.77768222607608,2.479388305406939,9.387734285417068
"LA RESURRECCION, 001413 (852)",80.95650278541417,143.42937471777685,1.5242611670661617,11.190989787661154
"LA SABANA, 004102 (35)",13.586573007926102,21.960272153205754,-2.095752767543317,-4.60568209798717
"LA SALLE, 008206 (477)",82.46294388104923,150.8017461275702,1.4725590626085792,10.774857439632079
"LA SERENA, 005613 (1156)",67.99069763684263,111.65238871457211,-0.42761099294789195,6.70704358534752
"LA SOLEDAD NORTE, 005615 (272)",85.24540876300505,166.4366367815657,1.074748513494332,11.82611736187558
"LA SOLEDAD, 007101 (442)",127.60864738459979,207.04364271484556,2.2123249787198973,17.930997172751507
"LA TRINIDAD, 004306 (1029)",46.53010074059941,121.08023276576938,-0.16956883212192822,5.548003183086051
"LA URIBE, 008525 (261)",46.12638804736007,139.23750005832386,0.2166735138919602,0.8367346938775507
"LA VICTORIA, 001310 (891)",39.582933470426994,48.21590181748564,-1.7488326261781253,-2.536578504538198
"LAGO DE SUBA, 009220 (368)",76.03997211107655,138.2172379894347,0.11052676410805731,7.451077771025251
"LAGO GAITAN, 008313 (206)",104.43833975231509,168.47692953070109,1.855839465964331,12.7613415389715
"LAS ACACIAS, 002513 (504)",109.74656886119428,182.06677571707684,3.3805075262200703,13.325419047669739
"LAS ACACIAS, 008203 (907)",55.55235818853161,111.72358324872395,-0.25405899732651577,5.24568007957715
"LAS AMERICAS, 007107 (700)",75.35429892050115,144.65938213818225,2.3156767875326625,9.752456959346222
"LAS BRISAS, 002430 (869)",47.408485167082546,84.68107366680532,-2.3149741604103014,1.3442197758129328
"LAS DELICIAS, 004544 (502)",76.10419589230153,111.13639660926376,1.018802700057114,5.1156116918045855
"LAS DOS AVENIDAS, 006508 (527)",48.76107218523229,75.13391687262582,0.4281015809216794,0.8717939751780948
"LAS FERIAS OCCIDENTAL, 005405 (487)",78.0646913809614,143.69911606389826,1.2782984370877368,8.178876943209126
"LAS FERIAS, 005404 (147)",38.61497776000085,87.2516634517441,-1.3777157485579017,2.165436410134507
"LAS FLORES, 009210 (386)",106.41679550062906,161.7712074746942,3.0082504831037498,11.231519725755817
"LAS GUACAMAYAS I, 001355 (569)",57.54397874390373,86.15136762916401,-0.29590199894887376,2.403174165354688
"LAS LOMAS, 001409 (995)",64.41787079218341,134.915454042816,-1.2598508988624788,8.71216606346723
"LAS MANAS, 002520 (664)",17.973359875454943,54.28426655581272,-2.408795038984124,-1.7090758005146531
"LAS MARGARITAS, 008530 (54)",121.94289233950015,173.8387022871867,2.4359614345880094,14.61794870706985
"LAS NIEVES, 003102 (9)",158.25104808250273,285.35225671632566,3.6711980171859957,28.57142857142857
"LAS ORQUIDEAS, 008516 (902)",50.98133231363413,83.51933613993852,-2.5985452462020064,4.14551909371237
"LAS VILLAS, 009122 (706)",54.5353563645651,81.7296628078348,-0.010469612566287393,-0.6707108069603933
"LECH WALESA, 009227 (743)",97.5175182810714,181.66600794365337,1.1971159366243047,14.626894176771653
"LIBERTADOR, 002305 (957)",64.39082582128346,89.92823769645027,1.3242244834863923,1.0471542318657556
"LISBOA, 008513 (493)",47.14326749513731,65.64054154175707,-0.372548505919272,-1.72520429749015
"LISBOA, 009254 (901)",56.25978160042333,76.02325563363904,-0.0655073741014142,-1.8130606708884127
"LOMBARDIA, 009228 (30)",29.348349975207793,64.70886866962337,-1.1645131996642792,-1.459554803239881
"LOS ALAMOS, 005625 (382)",100.15244763793734,172.86942081087804,2.80338930700682,12.540307694642799
"LOS ALAMOS, 005626 (1131)",84.20382117704017,143.13750065266785,1.8769735199358475,8.871256378920275
"LOS ALPES SUR, 002559 (645)",37.696405055236085,52.303395424550224,0.4551914054864524,-2.7143076655973464
"LOS ANDES, 005307 (994)",46.084732295127125,74.95881106765438,-0.9733210456544967,-0.07314921172936462
"LOS ANGELES, 005623 (791)",73.99316688149818,128.54963874187533,0.8506785159624177,5.514504582932142
"LOS ARRAYANES II, 001435 (880)",61.536117873004784,72.31380372068665,-3.505061920087452,-0.4314980731932242
"LOS CEDROS, 008515 (356)",64.19431697616947,105.6951115563213,-0.06220831885239129,4.895568283026252
"LOS CEREZOS, 005616 (1152)",50.60057166743074,105.25109407418421,-0.43891891120160875,4.359027966406622
"LOS EJIDOS, 004208 (184)",91.02846631466323,158.73685923749997,1.7474496095644545,10.503566545874342
"LOS LAURELES II, 002544 (472)",72.78019214113893,124.83430304921573,1.1877485161181411,7.76840845859847
"LOS MOLINOS, 001417 (195)",48.59642498951724,104.13278777168672,-1.7869584790745447,4.610034281434787
"LOS NARANJOS, 009201 (149)",53.019820665393894,112.81194004675325,-1.4995082287151906,4.985292328605837
"LOS ROSALES, 008304 (413)",50.22787722239777,90.24673660111897,1.0052750619182245,1.8779075297864027
"LUCERO ALTO, 002521 (655)",33.5117624400137,55.55948018690831,-1.396633864939173,-3.273972854847104
"LUCERO DEL SUR, 002517 (697)",58.60190879938394,83.09360170675195,0.7756090117587618,1.3166794212383586
"LUIS CARLOS GALAN, 005661 (856)",119.44522027984046,187.99577402295643,3.376448905294132,15.109531715169073
"LUSITANIA, 006509 (282)",29.936253736960555,61.977160051669145,-1.3276821083807189,-1.493212901319676
"MADELENA, 002415 (1095)",80.38237465256307,123.3646020230202,0.8116156200246164,6.588060869584059
"MANDALAY, 004531 (132)",58.72663001184058,93.25216149966626,2.0354516552863364,4.311134771584615
"MARCO FIDEL SUAREZ I, 001415 (976)",121.84886202921527,183.54233989301565,3.3349041551090366,14.657048088703027
"MARCO FIDEL SUAREZ, 001410 (626)",106.23669277058777,167.3575218914287,3.084691397172261,13.043186647322488
"MARIA CRISTINA, 008205 (1149)",64.890958251343,102.0672800090636,0.833909018647749,2.550790488390437
"MARIA PAZ, 006517 (942)",20.684879981706604,34.774017405245154,-0.6529884897148541,-1.0927627244453515
"MARLY, 008212 (255)",200.13760760132638,289.64652137868944,7.382684642017785,29.926731192655126
"MARRUECOS, 001418 (181)",40.28032247134343,75.72839876810419,-0.8059091433431517,1.0226140469984586
"MARSELLA, 006502 (653)",51.53376861323451,80.70466778624491,-1.0073980926698503,2.919437399099169
"MAZUREN, 009110 (944)",131.39837406588924,225.2673719445477,4.5484265196801745,19.641999963154042
"MEISSEN, 002514 (797)",45.576438994509765,85.98180128570202,-0.8015085877478207,2.6658407511440734
"METROPOLIS, 005207 (354)",30.82803112904222,58.65351755955811,-1.539591836734694,-2.170553722005077
"MEXICO, 002516 (656)",40.408515468047625,67.29001429476459,0.06816681817029199,-2.232567789804485
"MILLAN, 002502 (552)",36.70910290404364,80.77240221081931,0.7731061525825751,-1.7854467445623206
"MODELIA, 006311 (327)",37.166601895063565,74.23304958873784,-1.4497475246358578,0.6832193592857835
"MODELO SUR, 001209 (1096)",103.09810706250613,207.3649851499881,4.046018583517884,17.592980918276854
"MOLINOS DEL SUR, 001414 (688)",43.655298348667436,94.44641159634718,0.04111063579182709,1.831272128987594
"MOLINOS NORTE, 008416 (628)",67.3910730135743,113.25760202681562,0.7586848589698022,4.915228289746801
"MONACO, 009111 (1110)",73.8846354136002,130.72961189252678,1.6608427633039182,6.318366823300856
"MONTEBELLO, 001302 (1012)",49.84372341979408,94.7958383022223,-1.7171792185783195,3.6206803412098982
"MONTES, 004204 (1083)",73.7114597591548,123.80570319527341,0.8767662949366846,5.899499392175178
"MONTEVIDEO, 006307 (906)",103.8229018804982,172.81258706304405,2.4423524781654877,14.290144523711783
"MUEQUETA, 007307 (138)",146.26624101973186,203.89184730120192,6.928571428571429,19.43287047173426
"MURILLO TORO, 002310 (924)",59.70399555406443,81.02830742416681,2.352695618194039,-0.5084332220297394
"MUZU, 002413 (1136)",79.91284505223096,137.3560573378106,1.507701474901013,7.474150495365432
"NACIONES UNIDAS, 002546 (546)",23.587160996232203,50.86521135422179,-1.013245279961496,-3.340522298491301
"NARINO SUR, 001207 (275)",51.666574043754956,97.85538046372743,1.7802926619474915,1.3476982695116615
"NICOLAS DE FEDERMAN, 005106 (842)",72.72635662125013,120.49270045459603,2.0578403905927796,5.714207501181569
"NIZA NORTE, 009123 (695)",67.50122952505318,120.58521339326833,0.6287615903322721,6.324774527309493
"NIZA SUBA, 009112 (1158)",98.59804562321497,145.93334750133798,2.4358928512544553,9.600312572848182
"NIZA SUR, 009109 (1068)",60.97217811442366,91.0616604187137,0.06919829609444826,2.930033231347082
"NORMANDIA OCCIDENTAL, 005606 (1155)",43.6976531991167,85.2082295558667,-0.7061899307187761,1.1355270003979037
"NORMANDIA, 005507 (134)",49.82539948783465,84.02537912990415,-0.10151025696606013,1.6664056956534385
"NUEVA ESPERANZA, 204106 (231)",34.793247284073864,60.73231335158823,0.4251887812061581,-2.8652610814942485
"NUEVA TIBABUYES, 009224 (868)",61.65604252813934,109.35633597290085,0.19196603208375213,4.389283299500396
"NUEVA YORK, 004549 (936)",75.74778843695019,99.89121143898312,0.5267999267212109,3.777442175696336
"NUEVO MUZU, 002409 (1114)",107.87127472321872,168.22061070262714,2.352463751454284,11.462780909348218
"OLARTE, 004538 (529)",89.63649574495034,158.06865141342288,2.7681195275474093,11.055759229473383
"OLAYA, 002201 (304)",66.45840344114606,115.54268629246944,1.6855628537490883,5.727703906552609
"ONCE DE NOVIEMBRE, 007405 (39)",4.0,100.90691330793376,-3.0855192250430123,-3.266867098293825
"ORTEZAL, 006208 (119)",71.74136339681908,124.62128605100132,0.3758738951528936,6.770700311936664
"OSPINA PEREZ SUR, 004405 (302)",56.5952547597867,138.57192249903432,-2.2640242375895228,9.298934073722497
"OSPINA PEREZ, 004406 (366)",133.1247618745127,197.90468339325543,4.51936193869676,15.940793141508099
"PABLO VI NORTE, 005116 (677)",26.226044248447398,154.39840325628782,-4.232601490040259,8.809726081788144
"PALERMO SUR, 002535 (973)",34.18437272625445,88.08804290515748,-2.1815815476528617,0.6983499437721392
"PALO BLANCO, 005501 (4)",91.9277995372689,153.06333703646303,2.186153392810546,10.340669518105523
"PALOQUEMAO, 006107 (606)",53.659057736977395,97.41427521035735,-0.7021252288241406,1.984494797594359
"PARAISO QUIBA, 002565 (666)",32.463562226905395,67.95668874872418,0.5747815409076261,-1.18263188609705
"PARAMO I RURAL, 101110 (806)",196.70985078592363,319.2100230812616,7.669784380680373,30.172304806078937
"PARAMO I, 108109 (25)",256.0969795216609,402.5764562028236,11.467793489435465,40.74045557894645
"PARAMO III RURAL, 108114 (1133)",91.50384300331335,194.19547990182394,0.992281861546352,16.70770080459776
"PARDO RUBIO, 008208 (619)",123.71235243562205,269.94271548519515,5.030412334178936,24.328045417420736
"PARIS GAITAN, 005612 (380)",37.38156556600282,84.94028027607432,-0.8120963402965792,0.49740454782306687
"PARIS, 005619 (122)",77.15293097065206,130.23638268488332,0.2667832513674137,7.518754898944501
"PARQUE EL TUNAL, 002410 (348)",96.53052644470488,165.95375778139382,1.3611825260572743,13.73944812080706
"PARQUE NACIONAL ORIENTAL, 101405 (123)",86.26916397032802,151.32374551893307,0.5667813982776334,9.909846758376759
"PARQUE NACIONAL, 008102 (647)",119.40557436776446,234.50214467684876,2.843088108181943,18.03199963133697
"PARQUE POPULAR SALITRE, 005115 (1091)",51.57552906520209,99.07750643491816,0.612058460672733,2.097501360725146
"PASADENA, 009125 (71)",68.43375699402438,72.71178553233808,0.48161480393467826,0.14655320785320214
"PAULO VI, 005113 (47)",61.03514421984515,91.81178749084691,1.4988753223708182,3.1331042293822384
"PENSILVANIA, 004201 (571)",78.05180027440426,131.49722357089954,1.3348537941089507,6.928130315820147
"PERDOMO ALTO, 002450 (1100)",114.29441658197035,273.48111175777433,0.6234584859057621,24.287144343749546
"PINOS DE LOMBARDIA, 009245 (670)",37.85123604502225,69.48803396429933,-1.3101779199222372,-0.5213493500426748
"PIO XII, 006505 (1006)",28.301893821622098,70.37621284272906,-1.6132606647657943,-1.2429733083695642
"POLICARPA, 001211 (650)",78.98042887070106,129.2558643132034,1.291636044568657,7.4632262527817135
"POLO CLUB, 007401 (813)",112.07682929090396,210.52545346085174,0.747970992846278,18.231502107608176
"POPULAR MODELO, 005102 (450)",52.35704929000194,32.49601920960933,1.5510204081632653,-3.942381673147236
"PORCIUNCULA, 008306 (62)",129.37289191233972,206.1238025063208,4.142202155368485,17.013352344232022
"PORTALES DEL NORTE, 009135 (535)",145.30397413171264,219.1299897743393,3.424201284218593,22.20488099827285
"POTOSI, 005401 (409)",41.97163656091246,92.70878738125687,-2.688382039079798,3.3525324952371105
"POTRERILLO, 009240 (5)",88.03751489142722,131.02616119783306,-2.714253234504811,10.986707805564526
"PRADO PINZON, 009105 (96)",95.70621719189825,132.65625691772019,3.398639455782313,8.842738025097747
"PRADO VERANIEGO NORTE, 009116 (822)",30.29769283009204,59.66320800604276,-1.821322090534189,-1.193506826792245
"PRADO VERANIEGO SUR, 009117 (926)",39.615051522440176,79.5344211429131,-0.7027823335558744,0.6729262588472418
"PRADO VERANIEGO, 009107 (637)",50.03683036414263,104.5477743726104,-0.709632372348261,4.246985799291423
"PRIMAVERA OCCIDENTAL, 004205 (333)",94.05944476902827,153.40801663175623,1.181378393955734,10.999896926464897
"PRIMAVERA, 005617 (1116)",64.12595208064141,104.55147271673904,0.21002595271953073,4.56449526702578
"PRIMERO DE MAYO, 001112 (892)",78.03305404384604,128.29744585255597,0.9481898642102163,7.096119673243553
"PROVIVIENDA NORTE, 004310 (547)",134.27024125527555,204.63223640619248,3.3005000124708306,17.85288138478094
"PROVIVIENDA OCCIDENTAL, 004505 (400)",153.48707887329357,221.57265994585526,4.799103378013458,18.813477109278338
"PROVIVIENDA ORIENTAL, 004503 (115)",91.97789797823384,162.12346255853956,1.2898168627495596,10.471824514818048
"PROVIVIENDA, 004504 (1122)",78.17651702304167,160.01997634866777,0.38713274964292343,11.520794738972931
"PUENTE ARANDA, 006215 (160)",120.595967256413,186.96459796127724,2.644556224231388,14.569265513385202
"PUENTE LARGO, 009124 (979)",59.978505823171204,97.9658501372004,1.0320839657318164,1.1638922178885343
"PUERTA DE TEJA, 006404 (369)",27.13753056407402,95.678568206086,-0.9529821027553155,-2.8145212192717377
"PUERTA DEL SOL, 009203 (309)",48.19824781796412,84.30778153983573,-0.4573548973113301,0.7155698615554312
"PUERTO RICO, 001427 (401)",54.35352950433482,98.9585550593347,-0.7881727895482642,3.5735520664785363
"QUESADA, 007204 (662)",21.64712705120492,72.60887934017782,-2.4758068483132423,2.704081632653061
"QUIBA BAJO, 104110 (49)",44.94406488196101,77.32748168518297,-0.9556073181758102,-2.4504808285192707
"QUIBA I, 002456 (533)",117.04477341177795,183.62036451726584,4.640196074898627,11.433166180710748
"QUINTA CAMACHO, 008201 (583)",100.32087955475865,160.6666268642098,1.7490958573893043,11.106100193633258
"QUINTA PAREDES, 006209 (1129)",55.73894704707597,105.63678727769812,-0.5206723294880363,5.256775932208062
"QUINTA RAMOS, 001206 (23)",58.21934125780797,84.4023089702607,1.0115180421724,2.8896252299345795
"QUINTAS DEL SUR, 002532 (827)",51.81494868714865,109.04857616760077,-0.14703808617662162,4.400178157166895
"QUIRIGUA I, 005683 (436)",64.56687677575022,98.55794512291222,0.7306031370613956,3.0821622935394752
"QUIRIGUA II, 005684 (330)",101.00885670769027,167.59536456376398,3.1541472275962126,10.4490686346603
"QUIRIGUA ORIENTAL, 005639 (365)",64.95237956269779,115.09630341406942,1.2001456123559793,4.826803320306538
"QUIROGA CENTRAL, 002203 (914)",75.31615406516316,121.03410540614448,2.24483515356556,5.453456911568324
"QUIROGA I, 002209 (172)",59.95358103565261,102.19299591677722,1.9487063744148423,1.6271833118867256
"QUIROGA SUR, 002204 (681)",10.469587654283295,12.401865449382644,-0.3875429785597655,-10.139715176211546
"QUIROGA, 002202 (179)",86.69652696501217,125.86204438858479,2.8239009511195308,6.778690833820965
"RAFAEL ESCAMILLA, 002421 (360)",55.332757637154536,94.8385620268989,-0.3262041335902155,3.538102690008822
"RAFAEL NUNEZ, 005117 (462)",62.79511737398983,113.91504870967957,2.020527493188533,3.9323335784855966
"RAFAEL URIBE, 007312 (1028)",81.449524106447,121.38692920490348,1.1860596679857196,6.144320403159678
"REMANSO SUR, 004412 (564)",87.68561538073757,119.66582394578576,1.804015698676543,5.877119755426203
"REMANSO, 004402 (294)",97.10813050448382,166.34902277088563,1.9892410571225876,11.771556129547035
"RENANIA URAPANES, 004582 (355)",183.35768226422726,254.58552068617382,10.538157022326361,23.525889879312395
"RESTREPO OCCIDENTAL, 002104 (967)",85.14794369606584,147.10184597871205,1.1491835727862147,10.047986492293687
"RESTREPO, 002103 (975)",43.03479157696182,101.00428439711868,-1.442933786279022,3.199411068477372
"RICAURTE, 004101 (288)",74.67339196305818,123.03509063362982,0.9461951457314045,6.407180617366224
"RINCON ALTAMAR, 009266 (620)",71.67365017045607,115.43179668254547,0.5342161655903497,5.672495823501766
"RINCON DE LA VALVANERA, 002419 (881)",78.61648255427454,105.80961541227906,-0.911145201400723,5.526207326781486
"RINCON DE SUBA, 009237 (793)",81.566308130426,138.4668510319746,1.8946203242413082,6.520447966657675
"RINCON DEL CHICO, 008411 (319)",113.13295780986171,183.297842245401,2.594263256743011,12.487385071809493
"RIONEGRO, 005308 (437)",47.0684575189373,77.94107202241483,0.8671182341699691,-2.513563045970984
"RONDA, 002518 (932)",117.07775607646795,183.1386580299259,3.798234327452542,13.95733149692059
"SABANA DE TIBABUYES, 009232 (157)",56.77928077211221,103.47080185260388,-0.1592162773509709,3.412294632416125
"SAGRADO CORAZON, 008101 (191)",135.65481373496277,205.664020735245,4.027266750497914,16.522448979591836
"SALAZAR GOMEZ, 006212 (927)",67.059530152253,117.94835894992096,0.5968165489048485,5.765033004775564
"SALITRE OCCIDENTAL, 006313 (1027)",101.23289310584805,192.1429625960563,1.7175476980807212,15.297789776399412
"SAMORE, 002406 (95)",105.45595019662635,153.44853433372867,1.7174044353570923,9.26069887693975
"SAMPER MENDOZA, 006108 (895)",29.023522206168273,7.914995853988765,-2.881266386943663,-9.667393583277299
"SAMPER, 008108 (607)",134.5964558871243,195.80941800583017,4.497071852036467,16.96938775510204
"SAN AGUSTIN, 001416 (520)",46.52325742189532,81.39705842710812,-1.4900421422394643,1.05851089561554
"SAN ANTONIO, 002102 (848)",61.12563079767616,106.83972514906903,0.7412321081092247,4.188274250776255
"SAN BENITO, 002509 (482)",80.03438733366465,134.9910076586619,1.263473271527752,7.927129214593105
"SAN BERNARDINO, 003201 (680)",118.14249393084242,168.52801876894097,2.4956565318755786,13.263369467250792
"SAN CARLOS DE SUBA, 009251 (508)",64.17220621532233,132.82192623349306,-0.027884703153725987,6.140491843209914
"SAN CARLOS, 002501 (985)",70.88056444707829,117.66789287589033,1.0113397944418916,5.916253780892819
"SAN CAYETANO, 009230 (1086)",75.26124203094098,126.01335458243489,0.8377458467235834,5.7968071770545615
"SAN DIEGO, 008107 (539)",156.82880776132657,266.0547207501278,3.698691045249638,29.156462585034017
"SAN EUSEBIO, 004401 (935)",102.2680537522322,181.6011487159138,2.7251540002029304,14.544514153579772
"SAN FELIPE, 007403 (872)",90.95653860545562,137.35949112582384,2.1070441471043115,8.518633180086006
"SAN FERNANDO OCCIDENTAL, 005204 (545)",36.33586556541134,45.040814365309664,0.6162610867602507,-3.4432971031929056
"SAN FERNANDO, 005203 (1004)",38.23974236151613,60.38300901103022,0.4797122754232708,-3.3964434675554833
"SAN FRANCISCO, 002515 (1148)",76.81086554902795,132.9232814555353,0.6513322058060533,6.660589533861246
"SAN FRANCISCO, 004206 (48)",64.20028680278823,108.28653813773,-0.650734542940833,5.26831889047482
"SAN GABRIEL, 004307 (646)",58.32686222137095,106.60011580936425,1.1443052029033864,2.662168866474114
"SAN IGNACIO, 005607 (120)",63.68377648997939,104.95771665569515,0.5837304441031667,4.144445002657074
"SAN ISIDRO, 001406 (948)",108.46780334401295,187.4372198044067,-0.16269132529640482,15.417436879794995
"SAN JOAQUIN, 005509 (13)",89.01565700297661,144.39841387977782,0.20149999838966054,9.958958107842708
"SAN JORGE SUR, 001411 (890)",65.16070143822945,104.90740937968924,1.2346732800041433,3.5617824869722456
"SAN JOSE DE USAQUEN, 008529 (197)",63.18638577125114,56.07969825117912,6.299089740905407,1.8775510204081631
"SAN JOSE DEL PRADO, 009106 (1090)",115.31430374665287,185.31650021817953,4.118262061529662,14.109459846470266
"SAN JOSE SUR ORIENTAL, 001314 (699)",47.599284793343834,79.73222914461705,0.11980726265454238,2.1173937498649185
"SAN JOSE SUR, 001401 (274)",72.61980300361843,121.28988812027268,2.0163994947913775,6.001963830523805
"SAN LUIS, 001426 (854)",91.73986964505664,148.0698678043479,1.4562464444167942,9.675285258854654
"SAN LUIS, 007202 (522)",79.30508360724315,134.5002851311851,2.323950992229041,7.999275312362048
"SAN MARTIN SUR, 001321 (589)",62.53897995133462,92.80606100798889,-0.4914355368207807,4.282876843198671
"SAN MARTIN, 008109 (273)",48.95036651254688,99.6523296050696,2.295918367346939,1.295918367346939
"SAN PATRICIO, 008418 (451)",19.82576627292266,54.22418981367533,-3.1541498850854874,-2.581032412965186
"SAN PEDRO, 009253 (388)",61.38744317229412,112.26499301305093,0.33663661025558717,5.035053666040289
"SAN RAFAEL INDUSTRIAL, 004301 (45)",54.98499745068774,90.08626241290993,1.0635823029975222,0.8881423134277793
"SAN RAFAEL, 002539 (717)",43.0597806307946,81.36731981009825,1.369106977928651,0.5270961591754191
"SAN RAFAEL, 004302 (289)",58.14837481941412,124.69448413858572,-1.1770258896226007,5.710756157367856
"SAN VICENTE FERRER, 002402 (1058)",69.76116074080926,124.42993451730302,0.7404986450578014,6.37956513347848
"SAN VICENTE, 001309 (963)",65.082760675003,83.42283533515474,0.608666559546082,1.0949131250704156
"SANTA ANA OCCIDENTAL, 008414 (775)",103.13061696260117,198.4838341670925,0.26022228077200754,17.165799585546594
"SANTA ANA SUR, 001111 (458)",57.23688817242017,104.49355773749141,0.5318753155158399,5.519589788673101
"SANTA ANA, 008408 (1052)",39.65232076954985,180.94519722020817,-2.0400119984913,9.92377280419736
"SANTA BARBARA CENTRAL, 008415 (407)",151.36422547648803,270.68412595761896,2.878076285307305,27.393126838186586
"SANTA BARBARA OCCIDENTAL, 008417 (326)",61.39886929996608,120.07175096654969,0.8387070959831343,5.822960506691216
"SANTA BIBIANA, 008412 (745)",90.15678161290032,139.6426106588535,1.2819235329205567,9.730569497981783
"SANTA CATALINA, 004584 (622)",136.84430161444527,206.46257636101157,3.9553650708024084,14.795530032024036
"SANTA CECILIA, 005638 (383)",80.16993877180803,125.9954614716111,1.346562102903015,5.552496522467051
"SANTA CECILIA, 006301 (819)",64.8786203053321,96.39795521063178,0.8480791909242162,1.9986932701223583
"SANTA FE, 006103 (778)",51.707382837835446,76.10909373236451,0.6774826343138828,-1.7508532317636145
"SANTA HELENA, 009131 (260)",30.007283117213927,16.817353498293514,-1.4753969738689,-5.309166922773623
"SANTA HELENITA, 005608 (381)",119.96865467240924,209.92700286073247,2.4838412922825976,18.31457891709512
"SANTA INES SUR II, 001357 (483)",100.44493041019714,163.7426952743727,-0.7051051690760209,14.794169527583367
"SANTA INES SUR, 001308 (715)",87.59828312442592,99.70887774032407,-1.2020024791364938,7.319284195434115
"SANTA ISABEL SUR, 004107 (974)",67.67159323735427,118.18875430184795,0.12938232145986053,6.946695707430413
"SANTA ISABEL, 004108 (559)",129.12994379128034,201.6033966489609,1.936387993168635,16.585707297526152
"SANTA LUCIA, 002205 (911)",101.421556214422,186.74990813009407,1.7602393628994846,15.584631151294753
"SANTA MARIA, 005602 (70)",99.889862942926,160.73848266893657,1.6140117520750414,11.722203758945726
"SANTA MATILDE, 004209 (192)",100.20331148277798,155.51295932773823,1.7262415662453796,10.969498466529293
"SANTA MONICA, 005641 (900)",70.50529199886098,110.02059818937411,0.40740348559155026,6.464146291237598
"SANTA RITA SUR ORIENTAL, 001328 (661)",3.397643501149446,48.75910232732365,-3.054475027523222,-1.251370813961775
"SANTA ROSA, 005402 (1127)",47.7135296583964,82.6249108762489,-2.8712372192080573,2.592707121707278
"SANTA SOFIA, 007406 (418)",51.70901406631965,41.95939398901127,0.09508320927153305,-0.31000678275444915
"SANTA TERESA DE SUBA, 009238 (1111)",106.55946365942995,172.83107920538532,2.2299787794915438,12.706213766567755
"SANTA TERESITA, 007102 (93)",210.10993473259632,318.768349117665,8.202635360527651,34.69387755102041
"SANTANDER SUR, 002302 (966)",77.85493782064336,109.30429471785587,1.6434708466432522,4.157636846603593
"SANTANDER, 002105 (922)",77.36064814675824,111.18855926608988,1.0718747448640407,4.461685300680663
"SANTIAGO PEREZ, 002304 (350)",48.152709341947904,73.11516790028391,1.0183009672495245,-0.2050127902352223
"SEMINARIO, 008302 (615)",146.44798492668363,228.06336742141826,4.719326420509777,19.041223251773356
"SENA, 002106 (44)",76.95736417721955,105.28678595038839,1.0299744312974293,4.463918321908891
"SEVILLA, 001201 (72)",112.68544420423302,146.76100192518905,2.000812981408179,12.660599837552189
"SIBERIA  II, 201503 (1159)",106.01673814634674,287.2661235888527,1.020408163265306,16.327844413620387
"SIBERIA CENTRAL, 008220 (742)",108.92306956138702,174.78738746550317,-0.12393315692486409,17.01251836088185
"SIBERIA RURAL, 201502 (99)",106.70110582078183,185.89406367757746,-1.1058411381886686,14.298685943446678
"SIBERIA, 101502 (36)",73.1236487425243,130.52358311733065,-0.4064484907554878,7.931497554695312
"SIERRA MORENA II, 002444 (27)",59.08472594519607,83.20874377194872,6.8378368987101705,3.6842880922788823
"SIERRA MORENA, 002438 (341)",53.42090671689908,91.09618294157247,-0.9476213246770099,1.5180166386386411
"SIERRA MORENA, 002439 (988)",180.34523146316306,247.54338621770964,0.737046464836658,23.611022408762846
"SIETE DE AGOSTO, 007311 (223)",89.02957572967941,170.32150315075552,7.24840542404061,9.741707344513166
"SIMON BOLIVAR, 005205 (818)",30.461878914717474,41.29439158209424,-0.549948677934086,-5.129283416999634
"SOCIEGO, 001205 (684)",60.778987163269605,97.12131353787558,1.5422133033222465,2.4889602072865094
"SOSIEGO SUR, 001404 (689)",87.24441001781955,139.57832799887603,2.181803829251362,7.920505978968031
"SOTAVENTO, 002533 (331)",56.53438943606923,102.47161118998544,1.2259199530331573,3.823878773338731
"SUBA CERROS, 009231 (525)",91.61287855681331,147.02394982893992,2.48298753944638,9.232220735280523
"SUBA URBANO, 009212 (843)",95.99559376836977,146.2415211020735,3.3714523445794504,8.01962102709921
"SUCRE, 008112 (701)",150.89066374729592,231.14741757043163,4.38611602658713,21.724772975315297
"SUMAPAZ, 002553 (716)",49.02905117791443,87.47083288089782,0.641749001239997,0.6168067062028553
"SURAMERICA, 001407 (997)",87.17966522826467,170.11485040521762,-0.5631485635623272,13.058837091055878
"TABORA, 005609 (176)",112.54703680221783,188.70769551024213,2.3958347638189887,16.20625364750708
"TECHO, 004548 (211)",90.97500184794515,147.8634816079753,2.4639775249752787,10.244741206282603
"TEJAR, 004408 (117)",74.82324192245636,138.04505508256676,0.9912006614093514,7.221774121650792
"TERMINAL DE TRANSPORTES, 006319 (1024)",39.011522172748634,84.84874090688673,-1.434290924756591,1.5030655053370958
"TEUSAQUILLO, 007104 (199)",63.55692201048275,119.25827577053448,2.750169273886377,4.993739985400073
"TIBABUYES UNIVERSAL, 009225 (389)",84.40049955161587,134.61383206639306,-0.06282533983266662,8.235111284371856
"TIBABUYES, 009233 (629)",37.64343005399405,79.74923679121682,-2.218938322698536,1.0555271919933416
"TIBABUYES, 009257 (1074)",79.48527929814072,121.71622198051755,0.8947108332258497,6.191432443244104
"TIBANA, 004212 (169)",63.01792875011871,118.28232763676897,0.5467888531433941,4.814593170112639
"TIMIZA A, 004518 (996)",120.59617978233355,219.9698460600492,4.022778357388504,17.030492781623508
"TIMIZA B, 004530 (1039)",103.27686384304137,167.73531262071276,1.3672709209731744,12.026635509121029
"TIMIZA C, 004581 (1099)",48.271840716249926,69.99256681931786,0.2721958567753682,-1.4109825752513847
"TIMIZA, 004512 (106)",153.1344098282825,252.01371605740258,5.110788694245969,19.502719328545247
"TOCAREMA, 004565 (961)",229.83167948455292,341.88905146298885,10.66326530612245,32.67191727051262
"TOSCANA, 009229 (840)",99.24791029077257,184.82852692610663,2.1649605574343562,14.812301285478746
"TTES DE COLOMBIA, 009223 (318)",93.33905278090978,149.4539654708686,-0.2934202956694348,11.423955816295784
"TUNA ALTA, 009214 (558)",71.14474796713922,53.58325672310322,0.47595522772327514,-1.8255908090137474
"TUNAL ORIENTAL, 002401 (1065)",99.6788536927512,162.09295116232752,1.1463230149505252,12.62171136025215
"TUNJUELITO, 002508 (180)",89.23203506605489,142.19879564800783,0.8040315548132497,9.61659017030817
"USATAMA, 006110 (1092)",45.05867898061043,34.465331000194126,2.2945797847784184,-8.571450666241217
Unknown Zone,85.38776449032389,142.03281597128137,1.1834497932914374,8.990967630403862
"VEINTE DE JULIO, 001405 (212)",83.5882368823071,130.20997860325645,0.5726485272418644,8.415022416934523
"VELODROMO, 001114 (76)",74.9164334915884,123.15615394137907,1.979365360775415,6.376025280923452
"VENECIA OCCIDENTAL, 002403 (1050)",112.48098036844682,133.72209322550898,2.9415929261859506,10.625949516182057
"VENECIA, 002404 (1047)",99.4596578185631,133.46000416686323,4.0170721850433235,7.346719308955897
"VERAGUAS, 004109 (344)",96.46581091747655,148.38565428017301,-0.07267908064058905,11.66813786535459
"VEREDA SUBA CERROS II, 009265 (463)",86.39058420813392,213.04845351480367,2.506013264794193,18.96447629631284
"VEREDA SUBA NARANJOS, 009249 (940)",81.97690419584556,127.64030650234803,0.7301915166158326,6.587245989231414
"VERONA, 002412 (1018)",71.69676524687137,111.66242194147824,2.3553941158567815,5.162121075827583
"VICTORIA NORTE, 009104 (263)",117.45774277418074,155.52113339763267,2.8836911060353994,12.12818461788884
"VILLA ALCAZAR, 009263 (1125)",65.99277181796033,90.1486660885615,1.5363648091415711,3.287304335563238
"VILLA AMALIA, 005648 (364)",2.0,92.38532888916413,-4.822554422672766,-2.2498067913130884
"VILLA CANDELARIA, 002579 (862)",91.55016520476535,159.1802405960094,3.2397091214175346,9.7536516739204
"VILLA DE LOS ALPES I, 001430 (521)",48.74322802656566,137.20774917372486,-0.6931855867856296,7.41436997893864
"VILLA DE LOS ALPES, 001408 (513)",72.00057467269274,156.8651728904592,-1.3014733256803284,7.792358064108606
"VILLA DEL CERRO, 001356 (877)",93.19760897747761,132.25944885447444,1.4493864581230222,8.17213700607353
"VILLA DEL MAR, 005680 (410)",34.73663422485074,104.57929230510214,-2.2868707088241047,0.1676564327377531
"VILLA DEL RIO, 004546 (412)",57.13350492231046,97.42630278683096,1.0518296539017498,3.607810481956962
"VILLA ELISA, 009207 (443)",109.29206650701357,186.850188963565,1.669436270341964,15.170901298364015
"VILLA GLORIA, 002549 (719)",49.69611590529724,68.3053008308592,-0.701493568781194,-0.8601877379695421
"VILLA LUZ, 005614 (1153)",116.03000774910903,201.19824109182412,2.586306976902469,15.93515677500633
"VILLA MARIA I, 009267 (286)",54.955672362142174,112.23015025296097,-0.1545975906580674,5.7543414274146425
"VILLA MARIA, 009209 (259)",68.88332127307147,120.56841435838756,0.5606280866900275,4.689793722952409
"VILLA MAYOR ORIENTAL, 002309 (548)",73.69002384086996,107.72151795748319,1.1976786301353077,3.624138694383687
"VILLA MAYOR, 002311 (349)",74.17294153513724,118.3192021198003,3.5972860805288747,5.18645274444764
"VILLA NELLY III SECTOR, 004578 (542)",36.835215349125086,49.0182631404526,0.6889078037747276,-1.2438598471185163
"VILLA SAGRARIO, 005658 (155)",32.39370271583373,108.42213368148185,0.6855699943784676,-0.6322222708535271
"VILLABEL, 001332 (597)",5.929041655707412,55.55366027582156,0.3382421864517129,-4.251445486953123
"VILLAS DE GRANADA I, 005649 (560)",84.13674525532662,175.04845081447317,0.9493959375549423,13.342499981092855
"VILLAS EL DIAMANTE, 002558 (430)",53.29712567271789,69.62161094515227,0.5277753739862961,1.3170999945011037
